93.1653,12.7264,-14.6184,-0.0324062,0.0281215,-0.145889,0.98837
93.0771,12.7623,-14.6043,-0.0320782,0.0299216,-0.14501,0.988457
93.0211,12.7606,-14.5991,-0.0300726,0.0322325,-0.144869,0.988468
92.9307,12.777,-14.5983,-0.0238195,0.0383877,-0.144243,0.988511
92.8194,12.8058,-14.5897,-0.0206452,0.0414928,-0.143944,0.9885
92.758,12.82,-14.5876,-0.0174943,0.0454863,-0.144374,0.988322
92.6762,12.843,-14.5821,-0.0141397,0.0493189,-0.144132,0.988228
92.5915,12.865,-14.5715,-0.0106533,0.0558511,-0.143489,0.988017
92.5174,12.8823,-14.5586,-0.00782016,0.061392,-0.142655,0.987836
92.441,12.9035,-14.5552,-0.00571007,0.0661965,-0.142752,0.987526
92.3561,12.9184,-14.5453,-0.00320872,0.0697439,-0.142699,0.987301
92.2798,12.9331,-14.5319,-0.000364309,0.0735433,-0.142604,0.987044
92.1956,12.9473,-14.5245,0.00194671,0.0752546,-0.142237,0.986966
92.1089,12.9703,-14.5094,0.0045797,0.0772003,-0.141597,0.986899
92.0308,12.9837,-14.4967,0.00688559,0.0786742,-0.140515,0.986924
91.8539,13.0279,-14.4761,0.0102614,0.0786456,-0.13964,0.987021
91.7738,13.0484,-14.466,0.0108454,0.0766941,-0.138708,0.9873
91.6844,13.0748,-14.453,0.0113968,0.0760141,-0.138092,0.987432
91.593,13.1011,-14.4387,0.0116279,0.0749847,-0.137707,0.987562
91.5053,13.1281,-14.4249,0.0116288,0.0746626,-0.137799,0.987574
91.4234,13.1557,-14.4072,0.0125395,0.07504,-0.137392,0.987591
91.1891,13.2251,-14.3583,0.0141334,0.0831545,-0.137471,0.986908
91.0702,13.2398,-14.3332,0.0149678,0.0877254,-0.137878,0.986443
90.8895,13.2919,-14.3005,0.0156771,0.0989594,-0.136633,0.985542
90.7583,13.327,-14.2775,0.0164053,0.110739,-0.137372,0.984173
90.625,13.3614,-14.2453,0.0178573,0.115695,-0.138033,0.983485
90.5411,13.3899,-14.2329,0.0183482,0.118616,-0.137733,0.98317
90.4543,13.4196,-14.2109,0.0199274,0.121198,-0.137293,0.982886
90.3601,13.4405,-14.1921,0.02073,0.121866,-0.137211,0.982798
90.1728,13.4988,-14.1527,0.0230884,0.119044,-0.135144,0.983378
90.0582,13.5203,-14.1342,0.0233297,0.116495,-0.134736,0.983733
89.9618,13.542,-14.1101,0.0239814,0.114407,-0.13302,0.984196
89.5824,13.6443,-14.0243,0.0254323,0.0997094,-0.129764,0.986191
89.3043,13.7218,-13.9652,0.0244433,0.0943706,-0.127793,0.986998
89.0224,13.8003,-13.9102,0.023037,0.0890627,-0.126209,0.987729
88.742,13.8803,-13.8626,0.0206178,0.0827426,-0.123293,0.9887
88.6724,13.9008,-13.8461,0.0195011,0.0800974,-0.121858,0.989118
88.5609,13.9296,-13.8308,0.0179121,0.0778524,-0.121088,0.989422
88.4705,13.9534,-13.8132,0.0164626,0.0763531,-0.120151,0.989678
88.3781,13.9803,-13.7957,0.0161887,0.0742437,-0.119943,0.989868
88.2866,14.004,-13.7788,0.01497,0.073681,-0.119828,0.989944
88.1999,14.03,-13.7662,0.0147721,0.0721563,-0.119066,0.990151
88.0631,14.0646,-13.7458,0.0133811,0.0698177,-0.118273,0.990433
87.8389,14.1211,-13.7151,0.0122785,0.0665547,-0.116487,0.990884
87.6527,14.164,-13.6918,0.00937903,0.0627183,-0.114238,0.991427
87.559,14.1834,-13.6911,0.00721114,0.0605038,-0.113665,0.991649
87.4676,14.2042,-13.6791,0.00648193,0.0579254,-0.113625,0.991812
87.4126,14.2191,-13.6681,0.00668838,0.0571041,-0.113287,0.991897
87.2754,14.2509,-13.6491,0.00741632,0.0559719,-0.112507,0.992046
87.1764,14.2745,-13.64,0.00892961,0.0545338,-0.11197,0.992174
87.0958,14.2957,-13.622,0.00958885,0.054948,-0.111249,0.992226
87.0079,14.3172,-13.6149,0.00942735,0.0556249,-0.110642,0.992258
86.919,14.3406,-13.5976,0.0101226,0.0570302,-0.109753,0.99227
86.8352,14.3593,-13.5859,0.0102903,0.0586652,-0.10847,0.992314
86.7461,14.3799,-13.5771,0.00965165,0.0608419,-0.10753,0.992292
86.6947,14.3917,-13.5642,0.00882978,0.0633451,-0.107123,0.992187
86.5766,14.419,-13.5483,0.0080154,0.0659667,-0.10682,0.992055
86.4403,14.4472,-13.5365,0.00936028,0.0681265,-0.10682,0.991898
86.3068,14.4726,-13.5208,0.0114435,0.0697436,-0.105828,0.99187
86.2211,14.4895,-13.5043,0.0132328,0.0721752,-0.10461,0.991803
86.1369,14.5086,-13.4915,0.014853,0.0738684,-0.104233,0.991695
86.0493,14.5271,-13.4788,0.0153542,0.0760103,-0.103678,0.991583
85.96,14.5472,-13.4658,0.0160601,0.0777558,-0.102721,0.991536
85.8792,14.5643,-13.4548,0.0167655,0.0792302,-0.102712,0.991409
85.7937,14.5843,-13.4437,0.0162885,0.0804512,-0.101884,0.991404
85.6131,14.6255,-13.4173,0.0163735,0.0838801,-0.100541,0.991256
85.5286,14.6448,-13.4038,0.0160995,0.0844863,-0.100484,0.991214
85.4348,14.6623,-13.3927,0.0180358,0.0833817,-0.0991114,0.991413
85.333,14.6824,-13.3739,0.0190313,0.0828334,-0.0979931,0.991551
85.2803,14.6891,-13.3637,0.0193715,0.0810865,-0.0966858,0.991817
85.0947,14.7214,-13.3322,0.0191829,0.0793791,-0.0953172,0.992092
84.9148,14.7581,-13.3022,0.0199092,0.0777641,-0.0935706,0.992371
84.5011,14.8321,-13.2442,0.018446,0.0733183,-0.0846172,0.993541
84.38,14.8572,-13.2447,0.0186233,0.0729104,-0.0809134,0.993876
84.3277,14.8626,-13.2287,0.0180177,0.0719721,-0.0758227,0.994357
84.2048,14.8808,-13.2123,0.0178141,0.0713384,-0.0720624,0.994686
84.1064,14.8914,-13.197,0.0177373,0.0709244,-0.0671716,0.995059
84.0127,14.8962,-13.1803,0.0172008,0.0704775,-0.0622755,0.995419
83.9227,14.9106,-13.165,0.0175031,0.0703892,-0.0586697,0.995639
83.8699,14.9183,-13.1539,0.0164677,0.0696168,-0.0575833,0.995774
83.7392,14.9341,-13.1376,0.0153491,0.0696202,-0.0564047,0.995859
83.6475,14.9457,-13.1261,0.0151966,0.0685966,-0.0562142,0.995944
83.5587,14.9626,-13.1103,0.0138018,0.0681944,-0.056776,0.99596
83.4619,14.9761,-13.0979,0.0130429,0.0677313,-0.0547395,0.996115
83.3744,14.9923,-13.0779,0.012184,0.0678259,-0.0517874,0.996278
83.2914,15.001,-13.0632,0.0114718,0.068347,-0.0491332,0.996385
83.2073,15.0109,-13.0533,0.0107758,0.0685541,-0.0471552,0.996474
83.1196,15.0202,-13.0412,0.0101556,0.0691489,-0.0447115,0.996552
83.0334,15.0273,-13.0298,0.00976562,0.0703312,-0.042244,0.996581
82.9478,15.0371,-13.0125,0.0094776,0.0716901,-0.0418138,0.996505
82.8588,15.0461,-12.9986,0.00822697,0.0735266,-0.0419997,0.996375
82.7746,15.0537,-12.9875,0.00780354,0.075865,-0.0416852,0.996216
82.6897,15.0593,-12.9719,0.00689345,0.0783869,-0.0419597,0.996016
82.6003,15.0691,-12.9597,0.00577882,0.0804563,-0.042274,0.995845
82.5138,15.0783,-12.9477,0.00519897,0.0822477,-0.0421339,0.995707
82.3325,15.0946,-12.913,0.00399115,0.0878459,-0.0424792,0.99522
82.2401,15.1036,-12.896,0.00414151,0.0897622,-0.0419804,0.995069
82.1515,15.1101,-12.8806,0.00325304,0.0915099,-0.0414123,0.994937
82.0537,15.1167,-12.8655,0.00292526,0.0930959,-0.0409346,0.994811
81.9627,15.128,-12.8486,0.00277521,0.0939187,-0.0407963,0.99474
81.8756,15.1314,-12.8315,0.00205514,0.0949553,-0.0410039,0.994635
81.699,15.1446,-12.8058,0.00192863,0.0946912,-0.0397284,0.994712
81.5186,15.1617,-12.7704,0.000647955,0.095516,-0.0399432,0.994626
81.3852,15.1699,-12.7433,-0.00110646,0.0970076,-0.041029,0.994437
81.2564,15.1764,-12.7226,-0.00129995,0.0976094,-0.0413607,0.994364
81.1707,15.1851,-12.7069,-0.00243904,0.0989292,-0.0423776,0.994189
81.08,15.2009,-12.6913,-0.00237509,0.0994318,-0.0429817,0.994113
80.9865,15.2104,-12.6708,-0.0031952,0.1005,-0.0437164,0.993971
80.8929,15.2207,-12.6495,-0.00350518,0.101095,-0.0444228,0.993878
80.7979,15.2296,-12.6302,-0.0043152,0.102788,-0.0454897,0.993653
80.7063,15.2414,-12.6104,-0.00505208,0.10374,-0.0464987,0.993504
80.6113,15.2521,-12.5901,-0.00468498,0.105385,-0.0469825,0.99331
80.5125,15.2628,-12.5707,-0.00584821,0.10667,-0.0476121,0.993137
80.4195,15.2755,-12.5473,-0.00620264,0.108534,-0.0482928,0.9929
80.3214,15.2829,-12.5274,-0.00668969,0.111435,-0.0491206,0.992534
80.2297,15.2967,-12.502,-0.00723334,0.113738,-0.0499341,0.992229
80.1306,15.3101,-12.479,-0.00739688,0.116975,-0.0514914,0.991772
80.0378,15.3197,-12.4589,-0.00768596,0.118113,-0.0522323,0.991596
79.895,15.3322,-12.4234,-0.0091266,0.122218,-0.0544573,0.990966
79.7515,15.3471,-12.3918,-0.00920463,0.122605,-0.0538653,0.99095
79.6596,15.3557,-12.3748,-0.0098199,0.122234,-0.0536648,0.991001
79.5626,15.3683,-12.3566,-0.0094518,0.120797,-0.0530952,0.991211
79.4691,15.3784,-12.3386,-0.0100188,0.117585,-0.0532606,0.991583
79.2741,15.4006,-12.2971,-0.00689429,0.108661,-0.0522866,0.992679
79.1765,15.4108,-12.2719,-0.00611264,0.103348,-0.0524889,0.993241
79.0852,15.4211,-12.2484,-0.00433538,0.098455,-0.052445,0.993749
79.0306,15.4217,-12.2336,-0.00257211,0.0952761,-0.0513566,0.994122
78.8943,15.434,-12.2025,-0.000636766,0.0920987,-0.0497015,0.994508
78.7962,15.4435,-12.1791,-0.000298162,0.0919609,-0.0481286,0.994599
78.7015,15.4537,-12.1548,-0.00109469,0.093142,-0.0463956,0.994571
78.6135,15.4632,-12.133,-0.000380311,0.0954935,-0.0453663,0.994396
78.5231,15.4694,-12.1125,0.000777395,0.0973711,-0.044562,0.99425
78.4303,15.4741,-12.0922,0.00220863,0.100173,-0.043445,0.994019
78.0496,15.4989,-12.0037,0.00879336,0.12009,-0.0372908,0.992023
77.8427,15.5007,-11.9681,0.0128199,0.129962,-0.0274751,0.991055
77.751,15.5013,-11.9482,0.0121289,0.1326,-0.0231178,0.990826
77.6557,15.5015,-11.9241,0.0105116,0.133382,-0.0218223,0.990769
77.5592,15.5105,-11.9036,0.00977681,0.134458,-0.0213215,0.990642
77.4663,15.5173,-11.8775,0.00911875,0.134928,-0.0205974,0.990599
77.3692,15.5229,-11.8549,0.00824562,0.134065,-0.0192397,0.990751
77.3076,15.5227,-11.8436,0.00856847,0.130945,-0.0164931,0.991215
77.1681,15.529,-11.8139,0.00826502,0.125397,-0.0144152,0.991967
77.0684,15.5339,-11.7901,0.0086595,0.118854,-0.0120664,0.992801
76.8068,15.539,-11.7239,0.00673797,0.100345,-0.00754507,0.994901
76.6578,15.5455,-11.6921,0.00668139,0.0956297,-0.00681372,0.995371
76.6061,15.555,-11.6721,0.00657677,0.0919148,-0.00631851,0.995725
76.4549,15.5575,-11.6397,0.00634912,0.0878583,-0.0045687,0.996102
76.3548,15.5606,-11.618,0.00570308,0.0847462,-0.00236635,0.996383
76.2589,15.5628,-11.5986,0.00561399,0.0813225,0.000112857,0.996672
76.1606,15.5659,-11.5788,0.00482004,0.0789118,0.00150097,0.996869
76.0617,15.5682,-11.5652,0.00462713,0.0758915,0.00169692,0.997104
75.9713,15.568,-11.5504,0.00396478,0.0726652,0.00218036,0.997346
75.8792,15.5683,-11.5348,0.00415751,0.0705821,0.00299978,0.997493
75.6786,15.5664,-11.5054,0.00507811,0.0643219,0.004728,0.997905
75.5819,15.568,-11.4945,0.00572087,0.060657,0.00440461,0.998133
75.4873,15.5687,-11.4816,0.00592645,0.0572905,0.00438886,0.99833
75.3915,15.5672,-11.4675,0.0059886,0.0538314,0.00500945,0.998519
75.2934,15.5637,-11.4557,0.00615059,0.0495308,0.00532175,0.998739
75.2431,15.5656,-11.4434,0.00558639,0.0466894,0.00568167,0.998878
75.0105,15.5647,-11.4206,0.00551256,0.0387384,0.00724992,0.999208
74.9156,15.5609,-11.413,0.00547106,0.0362015,0.00767083,0.9993
74.863,15.5603,-11.4114,0.00547014,0.0339025,0.00778269,0.99938
74.6899,15.5557,-11.3977,0.00625121,0.0327671,0.0080015,0.999411
74.554,15.5522,-11.3841,0.00712282,0.0340615,0.00892074,0.999355
74.4676,15.5531,-11.3742,0.00750652,0.0360945,0.00907188,0.999279
74.3815,15.5548,-11.366,0.00781509,0.0387875,0.00920545,0.999175
74.292,15.5534,-11.3557,0.00844601,0.0412268,0.00916043,0.999072
74.2045,15.5511,-11.3496,0.00843504,0.0440389,0.00908491,0.998953
74.1151,15.5511,-11.3404,0.00907909,0.0474156,0.00940846,0.99879
74.0264,15.5475,-11.3307,0.00971223,0.0528008,0.00975303,0.99851
73.9375,15.5476,-11.3242,0.00960602,0.0564807,0.00947479,0.998313
73.8502,15.5461,-11.3195,0.0102772,0.0597113,0.00997757,0.998113
73.7664,15.5435,-11.3116,0.0121668,0.0615287,0.010439,0.997977
73.6768,15.5392,-11.303,0.013155,0.0625688,0.0112077,0.997891
73.5877,15.5374,-11.2961,0.0142908,0.0628622,0.00997103,0.99787
73.5081,15.5301,-11.2925,0.016891,0.062212,0.00862598,0.997883
73.4222,15.5286,-11.283,0.0193535,0.0608806,0.00538094,0.997943
73.3307,15.5271,-11.2714,0.0220226,0.0597128,4.86178e-05,0.997973
73.1899,15.5295,-11.2505,0.0258284,0.0593765,-0.00686239,0.997878
73.0553,15.5327,-11.2306,0.0272722,0.0601311,-0.00798161,0.997786
72.8695,15.5353,-11.2047,0.0294045,0.0616911,-0.00886747,0.997623
72.7787,15.5345,-11.1905,0.0306172,0.0636331,-0.00752077,0.997475
72.6916,15.5287,-11.1773,0.0331037,0.0663597,-0.00461874,0.997236
72.6029,15.5245,-11.1617,0.0363553,0.0705406,-0.0024464,0.996843
72.5154,15.5175,-11.1494,0.03917,0.07451,-0.000416967,0.996451
72.4387,15.5157,-11.1401,0.0410761,0.0771294,0.00133277,0.996174
72.3348,15.5142,-11.1202,0.0427154,0.0797124,0.00312865,0.995897
72.2408,15.513,-11.1085,0.0441034,0.0816469,0.00635084,0.995665
72.094,15.5075,-11.0858,0.0454387,0.0837605,0.0168773,0.995306
71.9582,15.4998,-11.0621,0.0455648,0.0853661,0.022666,0.995049
71.8628,15.4958,-11.0508,0.0459067,0.0844897,0.0295693,0.994927
71.7729,15.4899,-11.0363,0.0461857,0.0839719,0.0353796,0.994768
71.68,15.4791,-11.0191,0.0463173,0.0840978,0.0406879,0.994549
71.5827,15.4674,-11.0009,0.0456392,0.0857869,0.0452452,0.994239
71.4963,15.457,-10.9856,0.0454295,0.0865615,0.0498469,0.993961
71.406,15.4476,-10.9708,0.04586,0.0893701,0.0538528,0.993484
71.2677,15.4261,-10.943,0.043758,0.0935091,0.0623614,0.9927
71.0806,15.403,-10.9073,0.0391676,0.0994149,0.0685571,0.991909
70.9372,15.3832,-10.8828,0.0368983,0.10137,0.0708027,0.99164
70.8757,15.3804,-10.8734,0.035065,0.102606,0.0722719,0.991473
70.7416,15.3617,-10.8467,0.0335057,0.102527,0.0743901,0.991379
70.6471,15.3516,-10.8299,0.0319352,0.101955,0.0761991,0.991352
70.5501,15.3402,-10.8165,0.0303965,0.100462,0.0784808,0.991375
70.4523,15.327,-10.801,0.0283674,0.0976248,0.0812362,0.991497
70.3555,15.3131,-10.7865,0.0264548,0.0933855,0.0836947,0.991753
70.2572,15.3008,-10.773,0.0237586,0.0887376,0.0845565,0.992175
70.1563,15.2871,-10.7566,0.0206614,0.0830032,0.0852546,0.992681
70.1042,15.282,-10.7456,0.0188329,0.0762402,0.0860113,0.993194
69.8678,15.2414,-10.7056,0.015521,0.0662857,0.086503,0.993923
69.7743,15.2257,-10.6907,0.0137601,0.0633125,0.0873139,0.994072
69.6795,15.2128,-10.6783,0.0118897,0.0605511,0.0871186,0.994285
69.5831,15.199,-10.6662,0.0113473,0.0579458,0.0868498,0.99447
69.5312,15.1903,-10.6568,0.0100829,0.0566823,0.0875975,0.994491
69.4001,15.1693,-10.6408,0.00914322,0.0556224,0.087909,0.994532
69.3005,15.1552,-10.6256,0.00804445,0.0542517,0.0884152,0.994573
69.111,15.1234,-10.603,0.00625901,0.0543029,0.088931,0.994537
69.0143,15.105,-10.5906,0.00522739,0.0537754,0.0896597,0.994506
68.9196,15.0895,-10.584,0.00526228,0.0538016,0.0902221,0.994453
68.8295,15.0719,-10.5737,0.00499155,0.0520679,0.0907281,0.994501
68.7317,15.055,-10.5644,0.0054617,0.0521544,0.0913796,0.994434
68.6419,15.0391,-10.5583,0.00648729,0.0511335,0.0918901,0.994434
68.5501,15.0218,-10.5455,0.00645575,0.0504572,0.0927695,0.994387
68.4995,15.0146,-10.5384,0.00589242,0.0482284,0.0930995,0.994471
68.3727,14.9914,-10.5268,0.0055967,0.0479518,0.0931049,0.994485
68.2914,14.9773,-10.5144,0.00551712,0.0460501,0.0954409,0.994354
68.2179,14.9617,-10.5065,0.0056161,0.0457769,0.100151,0.993903
68.1443,14.9444,-10.502,0.00581222,0.0449141,0.106681,0.993261
68.0696,14.9272,-10.4937,0.00629173,0.0447152,0.113067,0.992561
67.9875,14.9066,-10.4828,0.00672651,0.0448264,0.120443,0.991685
67.9083,14.8862,-10.4774,0.00790904,0.043982,0.128698,0.990676
67.8342,14.8639,-10.4688,0.00917012,0.0418774,0.135493,0.98985
67.741,14.8326,-10.4612,0.00969142,0.040602,0.139989,0.989273
67.6515,14.8071,-10.453,0.0095518,0.0400513,0.143234,0.988832
67.5142,14.7686,-10.4412,0.00964466,0.0399135,0.146195,0.988403
67.4258,14.7425,-10.4366,0.00911793,0.0401276,0.146092,0.988415
67.2945,14.7021,-10.4243,0.0093938,0.0398004,0.146146,0.988417
67.2072,14.6755,-10.4153,0.00857598,0.039926,0.145942,0.98845
67.119,14.65,-10.4075,0.00868899,0.0403955,0.145489,0.988497
66.9826,14.611,-10.394,0.00744335,0.0436042,0.14515,0.98842
66.8502,14.573,-10.3795,0.00708779,0.0458109,0.145106,0.98833
66.7645,14.5488,-10.3699,0.00640111,0.0483581,0.144843,0.988252
66.7145,14.5353,-10.3676,0.00635592,0.0504004,0.144746,0.988164
66.592,14.4974,-10.3555,0.00672878,0.0529181,0.144797,0.988022
66.4506,14.4548,-10.3429,0.00553545,0.0581209,0.143985,0.987856
66.3718,14.4304,-10.3371,0.00515637,0.0599771,0.141985,0.988037
66.2769,14.4011,-10.3265,0.004217,0.0607267,0.140231,0.988246
66.1475,14.3659,-10.316,0.00492363,0.0602677,0.13872,0.988484
66.0939,14.3527,-10.3115,0.00503379,0.0584385,0.136878,0.98885
65.9685,14.3225,-10.2971,0.00488228,0.0575868,0.134651,0.989206
65.9173,14.308,-10.2862,0.00430788,0.0575007,0.133236,0.989405
65.8328,14.2841,-10.2759,0.00445786,0.0581199,0.131756,0.989567
65.7453,14.2584,-10.2632,0.00538199,0.0587195,0.131303,0.989587
65.6125,14.2231,-10.2486,0.00535621,0.0592913,0.131289,0.989555
65.5223,14.2005,-10.2353,0.00365831,0.0592307,0.131774,0.989502
65.43,14.1786,-10.2271,0.00167906,0.0586591,0.131439,0.989586
65.3373,14.154,-10.2137,0.00100706,0.0581965,0.130778,0.989702
65.2847,14.1371,-10.2068,0.00102065,0.0595307,0.130277,0.989688
65.1582,14.1044,-10.1967,0.0017413,0.0596054,0.131121,0.989571
65.071,14.0807,-10.1868,0.00288209,0.0588383,0.132443,0.989439
65.0215,14.0692,-10.1843,0.0031603,0.0569798,0.132973,0.989475
64.8845,14.0345,-10.1717,0.00430379,0.05511,0.133195,0.989547
64.7947,14.01,-10.1609,0.00537736,0.0533037,0.133511,0.989598
64.7044,13.9847,-10.1514,0.00600696,0.0504484,0.134842,0.989564
64.6143,13.96,-10.1364,0.00510963,0.0495285,0.135527,0.989522
64.5212,13.9366,-10.124,0.00211653,0.0493374,0.134704,0.989655
64.4292,13.9131,-10.1131,0.000936741,0.0507522,0.1349,0.989558
64.376,13.8996,-10.1095,-0.000347196,0.0512975,0.134883,0.989533
64.2883,13.8725,-10.1012,4.23351e-05,0.0512979,0.135231,0.989485
64.1998,13.8479,-10.0902,0.00148624,0.0536017,0.135199,0.989366
64.1123,13.8224,-10.0787,0.00157064,0.0554798,0.134588,0.989346
63.8904,13.7593,-10.0557,0.00263462,0.0568077,0.137665,0.988845
63.8001,13.734,-10.0464,0.00311107,0.0561294,0.141122,0.988395
63.7121,13.7077,-10.0371,0.00336698,0.0556607,0.14415,0.987984
63.6203,13.6806,-10.0263,0.00253672,0.0550203,0.146922,0.987613
63.4869,13.6398,-10.0128,0.00130377,0.0511063,0.152714,0.986947
63.3122,13.5862,-9.99487,0.0035299,0.0480236,0.157478,0.986348
63.2204,13.5527,-9.98837,0.00491603,0.0456195,0.160418,0.985982
63.0955,13.512,-9.97866,0.00641335,0.0443716,0.163736,0.985485
63.0088,13.4813,-9.97211,0.00837407,0.0426944,0.166619,0.985061
62.8677,13.4317,-9.95311,0.00963512,0.0419037,0.170454,0.984427
62.7321,13.3858,-9.93596,0.00910549,0.0423769,0.171011,0.984315
62.6432,13.3578,-9.93069,0.00822891,0.0440929,0.170904,0.984266
62.5579,13.3289,-9.91819,0.00847122,0.0449483,0.171191,0.984176
62.4697,13.2981,-9.91341,0.0086312,0.0476226,0.170674,0.984138
62.3401,13.2524,-9.90247,0.0096906,0.0507864,0.170991,0.983915
62.2512,13.2192,-9.89602,0.010011,0.0520076,0.170503,0.983933
62.1197,13.1723,-9.88111,0.010833,0.0535474,0.170317,0.983874
61.9884,13.125,-9.87516,0.012254,0.0501905,0.170393,0.984021
61.8497,13.078,-9.85934,0.0122358,0.0476386,0.16998,0.984219
61.7604,13.0494,-9.85243,0.0131694,0.0476147,0.169138,0.984354
61.6245,13.0025,-9.83706,0.0153148,0.0490719,0.168157,0.984419
61.533,12.9698,-9.82575,0.0164795,0.04804,0.168309,0.984425
61.3102,12.8914,-9.80454,0.0176224,0.045737,0.167858,0.984592
61.2187,12.8601,-9.79323,0.0176483,0.0450686,0.167698,0.98465
61.1604,12.8448,-9.78364,0.0183824,0.0455366,0.167535,0.984642
61.0712,12.811,-9.77499,0.0200274,0.0467377,0.167753,0.984517
60.8976,12.7511,-9.76449,0.0213391,0.045398,0.166449,0.984773
60.7974,12.718,-9.75629,0.0220506,0.0420425,0.165847,0.985008
60.6302,12.6588,-9.74454,0.0259502,0.0382772,0.165088,0.985194
60.4971,12.6135,-9.73376,0.0271261,0.0369867,0.163598,0.98546
60.4109,12.5847,-9.72691,0.0278523,0.0368843,0.163109,0.985525
60.3222,12.5572,-9.71863,0.0290503,0.0358909,0.162244,0.98567
60.236,12.5268,-9.71258,0.0307543,0.03652,0.161388,0.985735
60.1509,12.4974,-9.70674,0.0328406,0.0347532,0.161472,0.985718
60.061,12.4677,-9.7055,0.0345684,0.0346281,0.161259,0.985699
59.9746,12.4367,-9.69744,0.0362006,0.0320581,0.161123,0.985749
59.9255,12.4192,-9.70131,0.0374196,0.0301275,0.160637,0.985844
59.8365,12.3879,-9.69559,0.0394948,0.0285129,0.159928,0.985926
59.6602,12.3238,-9.69326,0.044978,0.0227576,0.158494,0.986072
59.4788,12.2613,-9.68504,0.0538273,0.0146101,0.156331,0.986129
59.3147,12.2053,-9.68077,0.0589838,0.0153716,0.155672,0.985926
59.1888,12.1685,-9.67918,0.0587765,0.0182239,0.156104,0.985822
59.0623,12.1275,-9.66585,0.0575352,0.0235694,0.154549,0.986027
58.9854,12.1029,-9.66393,0.0574682,0.0259041,0.152755,0.986252
58.8709,12.0678,-9.6612,0.0584413,0.0289759,0.151179,0.986352
58.7552,12.0295,-9.65874,0.0625566,0.0352299,0.147854,0.9864
58.6379,11.9884,-9.65926,0.0640783,0.0398074,0.145556,0.98647
58.5627,11.9655,-9.65252,0.0656848,0.0449016,0.143129,0.986501
58.4864,11.9442,-9.64642,0.0666837,0.0479841,0.139936,0.986747
58.3606,11.9112,-9.63671,0.0674003,0.0474181,0.136284,0.987236
58.2674,11.8911,-9.62986,0.0670156,0.045558,0.134162,0.987641
58.1753,11.8656,-9.61955,0.0673526,0.0454276,0.132785,0.98781
58.0459,11.8293,-9.61346,0.0674102,0.0466117,0.13235,0.987809
57.9603,11.8065,-9.60824,0.069285,0.0478559,0.132835,0.987555
57.8306,11.7691,-9.59739,0.0713147,0.0509386,0.13478,0.986992
57.7266,11.7426,-9.58776,0.0699319,0.0521624,0.135452,0.986935
57.6062,11.7109,-9.57676,0.0696489,0.0513778,0.135612,0.986975
57.5132,11.6872,-9.57001,0.0706786,0.0513301,0.135112,0.986972
57.3782,11.6482,-9.56313,0.0735781,0.0510548,0.136594,0.986571
57.2864,11.6216,-9.55338,0.0743798,0.0518623,0.137244,0.986378
57.1939,11.5943,-9.54731,0.0748262,0.0519023,0.137255,0.986341
57.1074,11.5697,-9.53978,0.0750333,0.0519625,0.138268,0.98618
56.9687,11.5322,-9.5279,0.0743543,0.0510609,0.139503,0.986105
56.8322,11.5004,-9.51547,0.071819,0.0450754,0.140691,0.986416
56.7387,11.4739,-9.50907,0.0705498,0.0436068,0.140649,0.986579
56.6502,11.4473,-9.4993,0.0707877,0.0465289,0.139971,0.986525
56.5475,11.4185,-9.49351,0.0713879,0.0487671,0.139803,0.986398
56.3348,11.3593,-9.47503,0.0715334,0.0489298,0.138571,0.986553
56.2826,11.3504,-9.47371,0.0708155,0.0477286,0.138494,0.986675
56.0913,11.3043,-9.45961,0.0682465,0.0484426,0.137136,0.98701
56.0014,11.2776,-9.4531,0.0663358,0.0499551,0.136925,0.987095
55.8282,11.2325,-9.43791,0.0629604,0.0547109,0.137401,0.986997
55.7286,11.2038,-9.42723,0.0620356,0.0575699,0.137047,0.986943
55.5552,11.157,-9.41011,0.0592537,0.0612478,0.136279,0.986998
55.4112,11.119,-9.39474,0.0572521,0.0632269,0.135031,0.987163
55.2698,11.0874,-9.38308,0.0529793,0.0642675,0.132716,0.987648
55.1272,11.0472,-9.37166,0.0516225,0.06307,0.133538,0.987687
55.0318,11.0218,-9.36669,0.0509087,0.0605421,0.134534,0.987747
54.9806,11.006,-9.35823,0.0498947,0.0569192,0.135902,0.987827
54.8817,10.98,-9.34801,0.0497994,0.0509431,0.136674,0.988051
54.741,10.9391,-9.33349,0.0489166,0.0448466,0.137613,0.98826
54.6884,10.9273,-9.33054,0.0479676,0.0391387,0.138337,0.988448
54.5931,10.9035,-9.32182,0.0460189,0.0340412,0.138727,0.988675
54.4487,10.8689,-9.31242,0.044251,0.0287674,0.138562,0.988946
54.3992,10.8585,-9.30707,0.0427032,0.0242633,0.138822,0.989099
54.2544,10.8201,-9.30346,0.0409921,0.019654,0.139312,0.989205
54.1596,10.7986,-9.29769,0.0400662,0.0151732,0.13973,0.989262
54.1078,10.7863,-9.29701,0.0374844,0.0114438,0.140233,0.989343
54.002,10.7586,-9.29712,0.0358658,0.00835687,0.140601,0.989381
53.8736,10.7255,-9.29574,0.0334608,0.00490805,0.141195,0.989404
53.7853,10.7019,-9.29799,0.0313573,0.00200129,0.141266,0.989473
53.6883,10.6741,-9.29718,0.0293211,-0.00113534,0.141567,0.989494
53.5928,10.648,-9.3048,0.0261364,-0.0044329,0.141685,0.989557
53.5017,10.6251,-9.30459,0.0246063,-0.00706732,0.14182,0.989561
53.3664,10.5891,-9.30727,0.0215418,-0.0118035,0.141662,0.98961
53.2761,10.5632,-9.30873,0.0204626,-0.0140743,0.14193,0.989565
53.1411,10.5267,-9.31475,0.0182767,-0.0167496,0.141822,0.989582
53.0907,10.5143,-9.31576,0.0172096,-0.0197108,0.141417,0.989604
52.9172,10.4656,-9.31973,0.0140779,-0.0244158,0.142514,0.989391
52.8273,10.4423,-9.32435,0.0130481,-0.0264453,0.143205,0.989254
52.6932,10.4062,-9.33181,0.0116564,-0.0287151,0.144279,0.989052
52.6072,10.3799,-9.33594,0.0097975,-0.0295679,0.145103,0.988926
52.5187,10.3555,-9.34185,0.00925175,-0.0311949,0.146144,0.988728
52.4705,10.3414,-9.3413,0.00885105,-0.0316591,0.147489,0.988517
52.3825,10.3163,-9.34943,0.007412,-0.0328358,0.148564,0.98833
52.2968,10.2935,-9.35421,0.0066131,-0.033196,0.150129,0.988087
52.2102,10.2664,-9.35676,0.00618287,-0.0339648,0.150719,0.987974
52.0839,10.2288,-9.36866,0.00584332,-0.0353657,0.152343,0.987677
51.9596,10.1921,-9.37745,0.00601309,-0.0359842,0.154558,0.98731
51.7922,10.1421,-9.39276,0.00493648,-0.0376124,0.158149,0.986686
51.6645,10.1011,-9.40176,0.00460621,-0.0398342,0.160028,0.986298
51.5346,10.0562,-9.40762,0.00461814,-0.0446516,0.161197,0.985901
51.3669,9.99993,-9.42169,0.00381669,-0.0485366,0.161511,0.985669
51.2837,9.97587,-9.43086,0.00246389,-0.0473926,0.161426,0.985743
51.1278,9.92571,-9.44316,0.000376136,-0.0432373,0.160709,0.986054
51.0065,9.8877,-9.45647,-0.000464397,-0.0404678,0.160651,0.986181
50.9279,9.86301,-9.46359,-0.000920465,-0.0376854,0.160386,0.986334
50.8042,9.82012,-9.46829,-0.00214292,-0.0334325,0.160018,0.986546
50.7248,9.79175,-9.47782,-0.00188408,-0.0306621,0.160018,0.986636
50.6028,9.751,-9.48381,-0.00249021,-0.0266075,0.159892,0.986773
50.5265,9.7232,-9.48729,-0.00306805,-0.0226089,0.160562,0.986762
50.4093,9.68401,-9.49759,-0.00533679,-0.0153353,0.161007,0.98682
50.2884,9.64431,-9.49794,-0.00590258,-0.0121966,0.160011,0.987022
50.159,9.60427,-9.49948,-0.00582866,-0.00951132,0.158523,0.987292
50.0457,9.56639,-9.49953,-0.00578287,-0.00719895,0.158127,0.987376
49.9079,9.52369,-9.50601,-0.00579214,-0.00371881,0.15781,0.987446
49.8246,9.49666,-9.50308,-0.00608377,-0.00175764,0.157457,0.987505
49.6973,9.45534,-9.50831,-0.00648339,-0.000642277,0.15723,0.987541
49.6152,9.42967,-9.50976,-0.00638201,0.00124157,0.157288,0.987531
49.5336,9.40295,-9.50672,-0.00705481,0.00223218,0.157314,0.987521
49.449,9.37447,-9.50786,-0.00667719,0.00204313,0.157596,0.987479
49.2718,9.32053,-9.50504,-0.00764649,0.00271747,0.157348,0.98751
49.2216,9.30972,-9.50842,-0.00795298,0.00328181,0.157719,0.987447
49.0518,9.2549,-9.50545,-0.00992925,0.00321972,0.157042,0.987537
48.929,9.21394,-9.50737,-0.0102843,0.00402175,0.15658,0.987603
48.8053,9.17695,-9.50458,-0.0119427,0.00529471,0.155834,0.987697
48.7202,9.14811,-9.50264,-0.0122873,0.00490751,0.155601,0.987731
48.6347,9.12099,-9.50099,-0.0126814,0.00444717,0.155647,0.987721
48.5068,9.07877,-9.49929,-0.0136252,0.00338891,0.155523,0.987732
48.4229,9.0521,-9.49961,-0.0138837,0.0026109,0.155285,0.987769
48.3379,9.02221,-9.49564,-0.0147849,0.00232226,0.15537,0.987743
48.2529,8.99814,-9.49524,-0.0157422,0.00368738,0.15493,0.987793
48.171,8.96986,-9.49247,-0.0159109,0.00451734,0.154417,0.987867
48.0848,8.94406,-9.49132,-0.0166501,0.00724863,0.153426,0.987993
47.9609,8.90107,-9.48709,-0.0170533,0.00950121,0.152664,0.988085
47.8471,8.86608,-9.48151,-0.0177213,0.0112227,0.152262,0.988118
47.7889,8.85027,-9.48112,-0.0180449,0.0140822,0.151804,0.988146
47.7107,8.82559,-9.47562,-0.0172778,0.0167339,0.150601,0.988302
47.6274,8.80097,-9.47511,-0.0175887,0.0192921,0.150339,0.98829
47.5458,8.77438,-9.46886,-0.0171863,0.021117,0.150435,0.988245
47.4623,8.74673,-9.46588,-0.0175217,0.0224311,0.150175,0.98825
47.3332,8.70761,-9.46159,-0.018335,0.0239287,0.151145,0.988052
47.213,8.67141,-9.45436,-0.018828,0.0263993,0.149668,0.988204
47.0319,8.62059,-9.44179,-0.017818,0.027087,0.144812,0.988928
46.9484,8.59939,-9.43479,-0.0177951,0.0273111,0.142673,0.989233
46.8631,8.5728,-9.42858,-0.0183725,0.0272702,0.14067,0.98951
46.7815,8.54715,-9.42786,-0.0182861,0.0271315,0.139927,0.989621
46.6117,8.50037,-9.41252,-0.0192573,0.026092,0.139682,0.989665
46.5168,8.47243,-9.41362,-0.0194496,0.0259934,0.140272,0.989581
46.4426,8.45523,-9.4081,-0.0197226,0.0258157,0.140705,0.989518
46.3564,8.43093,-9.40244,-0.0204387,0.0254397,0.140907,0.989485
46.2728,8.40705,-9.4023,-0.0201598,0.0254127,0.141544,0.9894
46.1891,8.38223,-9.39263,-0.0202498,0.0253869,0.141789,0.989364
46.1068,8.35922,-9.38856,-0.0204022,0.0256963,0.142382,0.989268
46.0216,8.33245,-9.38905,-0.0202716,0.0255418,0.143235,0.989151
45.9385,8.30968,-9.37935,-0.0206665,0.0261597,0.143618,0.989071
45.836,8.2766,-9.37268,-0.0218304,0.0275476,0.14408,0.988942
45.7668,8.25565,-9.37011,-0.022534,0.0294938,0.144075,0.98887
45.6816,8.2311,-9.35989,-0.0233345,0.0321772,0.143732,0.988818
45.601,8.2084,-9.35473,-0.0234619,0.0331877,0.143975,0.988746
45.5147,8.18348,-9.35198,-0.0236282,0.0351505,0.144466,0.988603
45.4354,8.15955,-9.34462,-0.0233967,0.0369136,0.145173,0.98844
45.3508,8.13453,-9.33582,-0.0236654,0.0395866,0.145013,0.988354
45.266,8.10775,-9.33153,-0.023608,0.041216,0.145454,0.988224
45.171,8.08074,-9.32087,-0.0228487,0.0443114,0.146144,0.988006
45.0927,8.06082,-9.30536,-0.0222366,0.0466292,0.147198,0.987757
44.9211,8.00079,-9.29613,-0.021048,0.0487789,0.148773,0.987443
44.8399,7.9738,-9.28434,-0.0203703,0.0483353,0.149125,0.987426
44.7519,7.94089,-9.27841,-0.0203129,0.0488949,0.149443,0.987352
44.6293,7.90316,-9.26639,-0.0191725,0.0495537,0.149974,0.987261
44.5816,7.88998,-9.25767,-0.0187139,0.0501918,0.15006,0.987225
44.4964,7.86055,-9.2543,-0.0193585,0.0509032,0.150568,0.987099
44.4166,7.83321,-9.24476,-0.0186551,0.0512656,0.150122,0.987161
44.3329,7.80813,-9.23169,-0.0181587,0.0517975,0.150272,0.98712
44.1668,7.7518,-9.2127,-0.0169279,0.0539118,0.15542,0.986231
44.0409,7.70806,-9.19598,-0.0167237,0.0567795,0.157831,0.98569
43.9207,7.66246,-9.17288,-0.0154857,0.0629532,0.162605,0.984559
43.7669,7.60632,-9.15502,-0.0154924,0.067977,0.167855,0.983343
43.679,7.57626,-9.14269,-0.0151134,0.0705457,0.171304,0.982573
43.6045,7.55051,-9.13352,-0.0147343,0.07272,0.173955,0.981954
43.5239,7.52319,-9.12323,-0.0142986,0.0754877,0.175136,0.981542
43.4494,7.49642,-9.10788,-0.0139388,0.0784057,0.176198,0.981128
43.3696,7.4686,-9.09994,-0.013915,0.0806269,0.176998,0.980804
43.2078,7.41159,-9.06867,-0.0128695,0.0850673,0.177743,0.980309
43.1255,7.37803,-9.05338,-0.0124162,0.0863727,0.177702,0.980208
43.0434,7.35071,-9.03667,-0.0113347,0.088805,0.17811,0.97993
42.8833,7.28811,-9.00951,-0.0114023,0.0939051,0.1781,0.979455
42.7237,7.22971,-8.97505,-0.00992112,0.100817,0.178052,0.978793
42.6338,7.19568,-8.96027,-0.00918914,0.102934,0.177975,0.978593
42.5524,7.16805,-8.94271,-0.00839201,0.105838,0.177785,0.978325
42.3828,7.10357,-8.90733,-0.00666511,0.110001,0.177193,0.977987
42.2188,7.0392,-8.86942,-0.00473746,0.114791,0.176578,0.977559
42.1332,7.00706,-8.84839,-0.00341897,0.116461,0.176626,0.977358
42.0688,6.98272,-8.8295,-0.00244744,0.118285,0.175985,0.977257
41.9668,6.9416,-8.80893,-0.00112385,0.119478,0.176376,0.977044
41.88,6.91176,-8.78669,0.00110351,0.120324,0.176707,0.97688
41.7088,6.84967,-8.74597,0.00472538,0.12115,0.17639,0.976825
41.6206,6.81751,-8.72348,0.00649291,0.122147,0.176021,0.976757
41.5383,6.78406,-8.70132,0.007958,0.122469,0.176144,0.976684
41.4505,6.74885,-8.68189,0.00964782,0.121782,0.176322,0.976722
41.2741,6.68057,-8.6347,0.0122838,0.122248,0.176561,0.976591
41.1815,6.64971,-8.61063,0.0145408,0.12192,0.176231,0.976661
41.0887,6.61422,-8.58251,0.016293,0.121861,0.176082,0.976667
41.0016,6.57858,-8.56352,0.0177884,0.121665,0.176993,0.976501
40.9178,6.54932,-8.5414,0.0186147,0.123035,0.177288,0.976261
40.8369,6.51819,-8.51785,0.0189456,0.12472,0.176581,0.976169
40.7533,6.48712,-8.49667,0.0201481,0.127047,0.175629,0.976016
40.6715,6.45542,-8.47406,0.0206679,0.129085,0.175186,0.975817
40.5888,6.42587,-8.45115,0.0203587,0.130377,0.174533,0.975769
40.5018,6.39705,-8.4277,0.0188959,0.132832,0.171994,0.975918
40.4145,6.36613,-8.40563,0.0165656,0.133645,0.16898,0.976376
40.2439,6.30698,-8.35346,0.0163835,0.140061,0.164616,0.976225
40.1579,6.27684,-8.3333,0.0168131,0.141367,0.163518,0.976214
40.0701,6.24456,-8.3136,0.0152175,0.141797,0.162906,0.976281
39.9856,6.21574,-8.28713,0.012948,0.142747,0.163477,0.976079
39.8987,6.18188,-8.2606,0.0101122,0.143105,0.161923,0.976319
39.8102,6.15636,-8.24031,0.00760169,0.143647,0.160041,0.976573
39.7279,6.1326,-8.21301,0.00670238,0.144558,0.159078,0.976602
39.6437,6.10135,-8.1897,0.00426145,0.143772,0.158797,0.976778
39.5507,6.07367,-8.167,0.00317378,0.142024,0.15876,0.977044
39.3772,6.01698,-8.11135,0.00179868,0.141609,0.157972,0.977235
39.2899,5.99022,-8.09127,0.00153451,0.141777,0.158766,0.977083
39.1624,5.95133,-8.05417,0.000115913,0.141611,0.159123,0.97705
39.1094,5.93608,-8.04106,-0.00229474,0.139052,0.158639,0.977493
39.0183,5.91274,-8.01002,-0.00403574,0.13776,0.156484,0.978018
38.9297,5.88667,-7.98305,-0.00545418,0.136271,0.153864,0.978635
38.837,5.86326,-7.95965,-0.00592426,0.134621,0.15195,0.979159
38.749,5.83503,-7.93062,-0.00706373,0.133963,0.150425,0.979478
38.6571,5.80867,-7.90326,-0.00703059,0.133363,0.148941,0.979786
38.5751,5.78519,-7.87749,-0.00749402,0.133339,0.147456,0.980011
38.4882,5.76127,-7.85483,-0.00826027,0.133461,0.146718,0.980099
38.3972,5.73561,-7.8273,-0.0088006,0.133292,0.146451,0.980157
38.3076,5.70714,-7.79852,-0.0111426,0.133023,0.146162,0.980213
38.2195,5.68317,-7.77466,-0.012738,0.134047,0.146267,0.980038
38.0448,5.63253,-7.72314,-0.0161557,0.136249,0.145773,0.979758
37.9604,5.61008,-7.69906,-0.0167708,0.137152,0.146751,0.979476
37.8704,5.58217,-7.6725,-0.0181436,0.138237,0.146681,0.979309
37.7793,5.55801,-7.64817,-0.0192426,0.139877,0.147493,0.978933
37.6931,5.53271,-7.61977,-0.0204624,0.141804,0.14858,0.978467
37.6087,5.5096,-7.59279,-0.0220495,0.143489,0.148606,0.978183
37.5247,5.4842,-7.57211,-0.0233395,0.145085,0.148751,0.977895
37.4372,5.45924,-7.54635,-0.0241529,0.145635,0.14889,0.977772
37.3471,5.43383,-7.5198,-0.0259407,0.14721,0.1481,0.977611
37.2339,5.40327,-7.48811,-0.0271639,0.147811,0.147738,0.977542
37.1613,5.38362,-7.46243,-0.0283229,0.147943,0.147639,0.977504
36.9902,5.33496,-7.41218,-0.0320252,0.147191,0.148523,0.977369
36.8934,5.30575,-7.37615,-0.034216,0.145824,0.148508,0.977502
36.8118,5.28317,-7.3541,-0.0358949,0.145943,0.148658,0.977401
36.6816,5.23914,-7.31375,-0.0368543,0.145936,0.149226,0.97728
36.6339,5.22231,-7.30314,-0.0387298,0.145428,0.148928,0.977328
36.5426,5.19577,-7.27839,-0.0394411,0.144253,0.149432,0.977397
36.4503,5.17116,-7.25018,-0.0391501,0.142879,0.149542,0.977594
36.3549,5.14517,-7.21999,-0.0388052,0.141722,0.15135,0.977498
36.2592,5.11762,-7.18852,-0.0387904,0.141637,0.154447,0.977026
36.1266,5.0763,-7.14322,-0.039189,0.141078,0.157657,0.976578
36.0781,5.06103,-7.13175,-0.0398576,0.142045,0.160174,0.976001
35.9912,5.03134,-7.10232,-0.0406607,0.142341,0.162465,0.975546
35.8188,4.97415,-7.04767,-0.0413275,0.141836,0.169767,0.974348
35.733,4.94418,-7.02308,-0.0419862,0.142295,0.17155,0.97394
35.6481,4.91553,-6.99589,-0.043171,0.142622,0.17251,0.973671
35.4791,4.86012,-6.93744,-0.0432802,0.145247,0.173182,0.973159
35.394,4.83181,-6.90691,-0.044279,0.147776,0.17315,0.972739
35.3043,4.80607,-6.87568,-0.0448615,0.150373,0.172963,0.972347
35.2102,4.77196,-6.84723,-0.0446848,0.15311,0.172961,0.971929
35.0959,4.72848,-6.81083,-0.045668,0.154709,0.172932,0.971635
35.0488,4.71201,-6.7946,-0.0461476,0.155789,0.173045,0.971419
34.9658,4.6828,-6.76547,-0.0468432,0.157683,0.172499,0.971178
34.8768,4.65089,-6.73694,-0.0479401,0.158333,0.17119,0.97125
34.7933,4.61896,-6.70621,-0.0471722,0.160857,0.170154,0.971055
34.7073,4.58604,-6.67793,-0.0470533,0.162593,0.169407,0.970902
34.619,4.55725,-6.64752,-0.0464213,0.163203,0.168732,0.970948
34.5336,4.52653,-6.61808,-0.0444802,0.16257,0.168504,0.971184
34.4476,4.49541,-6.5872,-0.0433748,0.161623,0.168192,0.971446
34.3598,4.46297,-6.54958,-0.0413562,0.161362,0.167874,0.971633
34.2741,4.42953,-6.52042,-0.0401694,0.161349,0.167514,0.971747
34.1855,4.39872,-6.48753,-0.0389569,0.16128,0.16748,0.971813
34.0965,4.36782,-6.4571,-0.0376318,0.162037,0.167127,0.971801
34.0089,4.33645,-6.43352,-0.0351537,0.16016,0.166466,0.972318
33.9178,4.30472,-6.40107,-0.0325455,0.159195,0.165991,0.972648
33.8293,4.27002,-6.36866,-0.0298557,0.158522,0.16616,0.972816
33.7405,4.23762,-6.33464,-0.0282261,0.157573,0.166295,0.972995
33.6497,4.20508,-6.29574,-0.0265188,0.158457,0.166334,0.972893
33.5615,4.1739,-6.26557,-0.0248555,0.158209,0.165852,0.97306
33.4729,4.14281,-6.23212,-0.0227334,0.159189,0.16542,0.973025
33.3893,4.10883,-6.19985,-0.020134,0.159242,0.1653,0.973094
33.2974,4.07643,-6.16751,-0.0186288,0.160509,0.165323,0.972912
33.2163,4.04601,-6.13341,-0.0178952,0.162675,0.165245,0.972579
33.1298,4.01153,-6.10365,-0.0180419,0.164004,0.165332,0.972339
33.041,3.98164,-6.07419,-0.0181752,0.166538,0.165453,0.971885
32.9538,3.94968,-6.04392,-0.0170314,0.167854,0.164858,0.97178
32.8664,3.91712,-6.0187,-0.0166644,0.168587,0.164601,0.971703
32.7794,3.88818,-5.98947,-0.0159508,0.16967,0.164182,0.971598
32.6922,3.85758,-5.96048,-0.0151962,0.171117,0.163107,0.971537
32.6032,3.82928,-5.93237,-0.0145254,0.171669,0.162712,0.971516
32.5177,3.80133,-5.89637,-0.0133334,0.172416,0.16255,0.971428
32.4242,3.7679,-5.86572,-0.0132303,0.172084,0.162862,0.971436
32.3253,3.73906,-5.82524,-0.0136506,0.172899,0.16167,0.971485
32.1412,3.68395,-5.75411,-0.0169815,0.173383,0.152771,0.972785
32.0461,3.65723,-5.7199,-0.0188724,0.174457,0.14803,0.973291
31.9516,3.63306,-5.68759,-0.0197737,0.174854,0.143894,0.973822
31.8596,3.60901,-5.65474,-0.0212655,0.174061,0.141057,0.974348
31.7688,3.58627,-5.61923,-0.0221061,0.172746,0.138034,0.974996
31.6764,3.5638,-5.59028,-0.0235581,0.171383,0.134473,0.9757
31.5753,3.54446,-5.55172,-0.0242528,0.168731,0.132301,0.976442
31.4902,3.52496,-5.51838,-0.0255703,0.166054,0.130902,0.977055
31.3977,3.5029,-5.48509,-0.0263617,0.164251,0.130362,0.977411
31.306,3.47786,-5.44984,-0.0276234,0.162834,0.130523,0.977592
31.2125,3.45532,-5.41133,-0.0285846,0.161557,0.130683,0.977755
31.1224,3.43462,-5.37908,-0.0297436,0.162195,0.130886,0.977587
31.0345,3.41323,-5.34489,-0.0312212,0.162551,0.130938,0.977475
30.9419,3.38892,-5.30961,-0.0323308,0.16441,0.131044,0.977114
30.8537,3.36619,-5.27844,-0.0340417,0.166721,0.131036,0.976665
30.7674,3.34422,-5.24526,-0.0348597,0.16853,0.131596,0.97625
30.6746,3.3209,-5.21093,-0.035225,0.170646,0.132084,0.975804
30.5827,3.2985,-5.18353,-0.0355695,0.171702,0.13207,0.975608
30.4911,3.27676,-5.15145,-0.0351422,0.173721,0.13227,0.975239
30.4004,3.25467,-5.11791,-0.0360373,0.175615,0.132271,0.974867
30.3105,3.2307,-5.08267,-0.0365231,0.176842,0.132517,0.974593
30.219,3.20635,-5.04663,-0.0362134,0.177391,0.133463,0.974376
30.1259,3.17992,-5.01384,-0.0375234,0.177437,0.133515,0.974311
30.0321,3.1553,-4.97881,-0.0379754,0.176173,0.133073,0.974583
29.9362,3.12852,-4.94493,-0.0380914,0.175236,0.132439,0.974834
29.8374,3.10143,-4.90963,-0.0379721,0.175061,0.131339,0.975019
29.7415,3.07491,-4.87553,-0.0366386,0.173575,0.129618,0.975566
29.6405,3.04995,-4.84213,-0.0362072,0.172725,0.127325,0.976035
29.5416,3.02499,-4.80146,-0.0347478,0.171418,0.125429,0.976563
29.4532,3.00109,-4.76838,-0.0341401,0.170153,0.123062,0.977107
29.3528,2.97558,-4.73433,-0.0329558,0.168037,0.120881,0.977786
29.2646,2.9514,-4.70198,-0.0324398,0.165626,0.119125,0.97843
29.1718,2.92686,-4.66773,-0.0314656,0.16308,0.118215,0.979
29.0784,2.90377,-4.63502,-0.0313758,0.160332,0.11763,0.979527
28.9855,2.88279,-4.60121,-0.0301944,0.158353,0.116466,0.980025
28.8967,2.85989,-4.56614,-0.0302105,0.155534,0.115033,0.980645
28.8019,2.84018,-4.53825,-0.0294355,0.152409,0.1145,0.981221
28.7144,2.81978,-4.50518,-0.0292864,0.1506,0.113307,0.981643
28.6267,2.80183,-4.47645,-0.0293468,0.149717,0.111373,0.981998
28.535,2.78252,-4.44784,-0.0284471,0.148111,0.110013,0.982421
28.4414,2.76323,-4.4183,-0.0284616,0.147133,0.108944,0.982687
28.3496,2.74217,-4.38452,-0.0275354,0.146985,0.109086,0.98272
28.2586,2.72196,-4.35457,-0.0278132,0.146061,0.108926,0.982867
28.1664,2.70096,-4.32498,-0.0279963,0.146653,0.109022,0.982763
28.0774,2.68053,-4.29648,-0.0279241,0.14728,0.108403,0.98274
27.9881,2.66085,-4.26678,-0.0286647,0.147644,0.10817,0.98269
27.888,2.63987,-4.23529,-0.0287526,0.149089,0.107932,0.982495
27.8071,2.62524,-4.20808,-0.0296314,0.150328,0.107234,0.982357
27.7117,2.60752,-4.18248,-0.0293728,0.150303,0.106577,0.982439
27.6205,2.58603,-4.15109,-0.027834,0.151226,0.106388,0.982363
27.5322,2.56436,-4.12403,-0.0269988,0.151966,0.105661,0.982351
27.4389,2.54283,-4.0915,-0.0259273,0.153537,0.104532,0.982256
27.3517,2.52309,-4.06452,-0.0243422,0.155503,0.104471,0.981994
27.2545,2.49963,-4.03366,-0.024092,0.157179,0.104264,0.981755
27.1699,2.48323,-4.00365,-0.0227723,0.15982,0.104075,0.98138
27.0773,2.46283,-3.97945,-0.0216122,0.161288,0.103852,0.98119
26.9845,2.44391,-3.94832,-0.0201638,0.16354,0.103338,0.980902
26.8925,2.42028,-3.91728,-0.0186038,0.163956,0.102759,0.980924
26.7986,2.39982,-3.8889,-0.0169799,0.163782,0.101761,0.981087
26.7047,2.37736,-3.85605,-0.0141332,0.163332,0.101974,0.981185
26.6092,2.35588,-3.82692,-0.0118151,0.161804,0.102275,0.981438
26.5142,2.3365,-3.79849,-0.0103473,0.160009,0.102,0.981777
26.4168,2.31681,-3.76818,-0.00799796,0.157976,0.102717,0.982053
26.2821,2.28711,-3.72669,-0.00633405,0.154089,0.103063,0.982647
26.2256,2.27433,-3.70457,-0.00549597,0.152103,0.102918,0.982976
26.1249,2.25187,-3.67063,-0.00524855,0.148596,0.104076,0.983392
26.0364,2.2327,-3.63613,-0.0050879,0.147951,0.105391,0.98335
25.9479,2.21146,-3.60333,-0.00478165,0.14828,0.106659,0.983165
25.8578,2.18858,-3.57336,-0.00531859,0.14934,0.108032,0.982852
25.7675,2.16866,-3.53838,-0.005107,0.15193,0.108855,0.982365
25.6772,2.14873,-3.50771,-0.0050558,0.15511,0.108743,0.981881
25.5889,2.1302,-3.47522,-0.00328637,0.158717,0.108561,0.981332
25.4998,2.10798,-3.44852,-0.0019808,0.162879,0.109221,0.98058
25.4103,2.08979,-3.41824,-0.000650101,0.166092,0.109382,0.980025
25.3065,2.06604,-3.38453,0.000169868,0.168533,0.11014,0.979523
25.2268,2.04897,-3.3603,0.000364347,0.170581,0.11004,0.97918
25.1332,2.02955,-3.32968,0.000146266,0.171754,0.109266,0.979062
25.0407,2.00881,-3.29807,0.000671151,0.17202,0.1085,0.9791
24.9436,1.9894,-3.27015,0.000452541,0.170935,0.107368,0.979415
24.8482,1.9715,-3.23968,0.00152423,0.168806,0.10695,0.979829
24.7509,1.94831,-3.20623,0.00356192,0.166715,0.107486,0.980123
24.634,1.92442,-3.16367,0.00694131,0.164189,0.108637,0.980404
24.5582,1.90394,-3.13518,0.00985443,0.162031,0.109672,0.980623
24.4661,1.88313,-3.10251,0.0110698,0.160103,0.110577,0.980825
24.372,1.86321,-3.0679,0.0122327,0.159673,0.112493,0.980663
24.2787,1.83945,-3.03809,0.012127,0.157602,0.114342,0.980786
24.1859,1.82057,-3.0071,0.0112872,0.157208,0.115979,0.980667
24.0942,1.79692,-2.97371,0.0106085,0.155411,0.117493,0.98078
23.999,1.77679,-2.94243,0.00916845,0.155721,0.118137,0.980668
23.9041,1.75222,-2.90988,0.00879272,0.156541,0.119121,0.980422
23.8126,1.73088,-2.88021,0.00757407,0.157109,0.11969,0.980272
23.7224,1.70756,-2.84936,0.00628404,0.157066,0.120439,0.980197
23.6302,1.68484,-2.82232,0.00496167,0.156823,0.121534,0.980108
23.5315,1.6628,-2.79463,0.00286867,0.155175,0.122128,0.980305
23.4257,1.63893,-2.76717,0.000814941,0.15318,0.123023,0.98051
23.2488,1.59918,-2.71598,-0.00357635,0.146172,0.12286,0.981594
23.1555,1.57886,-2.68661,-0.00517974,0.144966,0.123358,0.981703
23.0612,1.55914,-2.65547,-0.0068296,0.142482,0.123459,0.982044
22.9649,1.53405,-2.62513,-0.00762952,0.141796,0.124073,0.98206
22.8707,1.51308,-2.59265,-0.00866687,0.140299,0.124745,0.982181
22.7767,1.49106,-2.56365,-0.00899549,0.14126,0.125042,0.982003
22.6801,1.46612,-2.52419,-0.010454,0.142371,0.125024,0.98183
22.5872,1.44615,-2.50447,-0.0122751,0.14377,0.125121,0.981593
22.4931,1.42307,-2.47257,-0.0132876,0.146059,0.124965,0.981261
22.3937,1.39943,-2.44617,-0.0141673,0.14797,0.124992,0.980959
22.3091,1.37761,-2.42001,-0.0141105,0.148898,0.127087,0.98055
22.216,1.353,-2.39215,-0.0138682,0.149323,0.129886,0.980122
22.1223,1.32563,-2.36727,-0.0141052,0.148566,0.132305,0.97991
22.0276,1.30193,-2.33815,-0.013014,0.147183,0.135141,0.979747
21.9344,1.27495,-2.30882,-0.0118731,0.145131,0.137913,0.979682
21.8403,1.24852,-2.28161,-0.0100486,0.142581,0.14053,0.979705
21.7447,1.22083,-2.25203,-0.00839483,0.14328,0.142027,0.979402
21.6506,1.19302,-2.22396,-0.0075033,0.14311,0.143581,0.979208
21.5616,1.16582,-2.20063,-0.00600301,0.141792,0.144248,0.979312
21.4605,1.13471,-2.1704,-0.0050718,0.14053,0.143839,0.979559
21.362,1.10608,-2.14165,-0.00407079,0.139863,0.143247,0.979746
21.2553,1.0732,-2.10827,-0.00329948,0.138151,0.14323,0.979994
21.168,1.05029,-2.08388,-0.00257927,0.136983,0.14347,0.980125
21.0693,1.0192,-2.05291,-0.00143665,0.135287,0.14415,0.980263
20.9732,0.990438,-2.03012,-0.000234464,0.132882,0.144095,0.980601
20.8809,0.963064,-2.00368,0.00137954,0.130207,0.143886,0.98099
20.7847,0.93315,-1.98052,0.00296817,0.127484,0.143718,0.981369
20.683,0.902426,-1.95745,0.00462192,0.124246,0.143325,0.981835
20.5936,0.878284,-1.93559,0.00583414,0.120868,0.143797,0.982181
20.4976,0.851816,-1.91446,0.00687501,0.116212,0.143388,0.982796
20.3991,0.822349,-1.89093,0.00715069,0.111951,0.143301,0.983301
20.3042,0.793718,-1.8704,0.00746856,0.107355,0.143126,0.983836
20.2154,0.770688,-1.84659,0.00709634,0.103797,0.142235,0.98435
20.1171,0.745853,-1.82736,0.00814884,0.101392,0.142024,0.984623
20.0261,0.71909,-1.80594,0.00871019,0.0989036,0.141658,0.984924
19.9367,0.693502,-1.78927,0.00954534,0.0980272,0.141772,0.984988
19.8376,0.662168,-1.76811,0.00976488,0.0964198,0.141704,0.985154
19.7514,0.636763,-1.75031,0.00906542,0.0960787,0.141829,0.985176
19.6586,0.611903,-1.7308,0.00911561,0.0952319,0.140902,0.98539
19.5675,0.585678,-1.71352,0.00792449,0.0950064,0.140209,0.985521
19.4758,0.559006,-1.69673,0.00774466,0.0947829,0.140047,0.985567
19.386,0.534614,-1.68001,0.00594328,0.095081,0.139221,0.985668
19.2915,0.51038,-1.66292,0.00638492,0.0947028,0.138679,0.985778
19.1981,0.483565,-1.64526,0.00664729,0.0950097,0.137991,0.985844
19.1035,0.459082,-1.62859,0.00732441,0.0948125,0.137311,0.985953
19.0117,0.431631,-1.61158,0.00842993,0.0935676,0.136845,0.986127
18.9106,0.404196,-1.59381,0.00915385,0.0916981,0.136743,0.986311
18.817,0.376307,-1.57766,0.00983764,0.0893694,0.136392,0.986566
18.7233,0.349489,-1.56065,0.0101768,0.0878062,0.13607,0.986748
18.6267,0.320266,-1.54273,0.0109622,0.0861609,0.135632,0.986945
18.5339,0.292204,-1.52867,0.0107157,0.0844483,0.13484,0.987204
18.441,0.266718,-1.51523,0.0121954,0.0821009,0.13419,0.987473
18.3482,0.239589,-1.50071,0.013369,0.0793521,0.13331,0.987802
18.2564,0.212993,-1.48721,0.0154938,0.0773262,0.132352,0.988061
18.1648,0.186794,-1.47426,0.0185216,0.0746717,0.13161,0.988312
18.0682,0.161502,-1.46191,0.0216654,0.0711433,0.130939,0.988597
17.9771,0.136185,-1.45015,0.0246207,0.0686128,0.130708,0.988737
17.8789,0.110258,-1.4363,0.0267246,0.0649792,0.130942,0.988897
17.7839,0.0869219,-1.42212,0.0282202,0.0620892,0.130715,0.989071
17.6906,0.0589991,-1.40941,0.0292003,0.05944,0.130945,0.989175
17.6022,0.0342498,-1.39976,0.0299864,0.0570902,0.130326,0.989372
17.5134,0.00984923,-1.38978,0.0315268,0.0562551,0.129524,0.989477
17.4281,-0.0147517,-1.38129,0.0328566,0.0549542,0.128876,0.989592
17.3384,-0.0397884,-1.37423,0.0351134,0.0554199,0.127872,0.989618
17.2397,-0.067159,-1.36261,0.036928,0.0556814,0.127715,0.989558
17.1632,-0.0874389,-1.35342,0.038005,0.0566735,0.128079,0.989414
17.0742,-0.110371,-1.34179,0.0379664,0.0580575,0.127441,0.989417
16.9868,-0.134319,-1.33166,0.037564,0.0578826,0.127492,0.989436
16.8888,-0.159136,-1.32111,0.0371573,0.0590921,0.127563,0.989371
16.8046,-0.180974,-1.30928,0.0362721,0.0607429,0.126714,0.989413
16.7175,-0.199756,-1.29927,0.0345815,0.0626287,0.126079,0.989437
16.6293,-0.219341,-1.28658,0.0339467,0.0651681,0.12509,0.989421
16.5401,-0.243428,-1.27328,0.0331795,0.0670874,0.124878,0.989345
16.4467,-0.267502,-1.26204,0.0329398,0.0684736,0.124657,0.989286
16.3586,-0.290297,-1.24882,0.0328434,0.069715,0.124779,0.989187
16.2655,-0.313361,-1.23963,0.0322688,0.0699485,0.123866,0.989304
16.1765,-0.334529,-1.2307,0.0306644,0.0707025,0.122824,0.989432
16.0862,-0.353477,-1.21751,0.027931,0.0725196,0.122189,0.98946
15.9945,-0.37405,-1.20685,0.0253175,0.0735822,0.121319,0.989559
15.9026,-0.391856,-1.19558,0.0222995,0.0742716,0.120303,0.989704
15.8109,-0.412042,-1.18264,0.0209875,0.0729577,0.119075,0.989979
15.72,-0.430517,-1.16855,0.0201126,0.0706017,0.117606,0.990343
15.6273,-0.450154,-1.15752,0.0203508,0.0680335,0.116743,0.99062
15.5336,-0.472237,-1.14753,0.0210675,0.0663842,0.116207,0.99078
15.4385,-0.494793,-1.13796,0.0216096,0.0640607,0.115678,0.990983
15.3448,-0.515201,-1.12967,0.0230069,0.0624897,0.115368,0.991088
15.2501,-0.537135,-1.11887,0.0236735,0.0591119,0.115148,0.991305
15.154,-0.561561,-1.11157,0.0242186,0.0553837,0.114697,0.99156
15.0591,-0.584396,-1.09955,0.0244938,0.0509453,0.113632,0.991914
14.9537,-0.608869,-1.09009,0.024933,0.0463859,0.112778,0.992224
14.8715,-0.627226,-1.08429,0.026605,0.0437012,0.111533,0.992443
14.7775,-0.648994,-1.07413,0.0287957,0.0395179,0.110919,0.992626
14.686,-0.670628,-1.07106,0.0304563,0.0369147,0.11054,0.992719
14.5952,-0.691879,-1.06352,0.0324375,0.0340437,0.110001,0.992818
14.508,-0.712418,-1.05778,0.033118,0.0321577,0.109899,0.99287
14.418,-0.733332,-1.05266,0.0348095,0.030654,0.109036,0.992955
14.3302,-0.753485,-1.04493,0.0369154,0.0295593,0.10806,0.993019
14.2416,-0.775262,-1.04132,0.0389276,0.0291086,0.107266,0.993041
14.1512,-0.796558,-1.03424,0.041846,0.0290357,0.106918,0.992962
14.0636,-0.816952,-1.02639,0.0437641,0.0299646,0.106344,0.992914
13.9766,-0.836617,-1.02272,0.0452176,0.0320732,0.106459,0.99277
13.8912,-0.857438,-1.01704,0.0462789,0.0348926,0.10635,0.992638
13.804,-0.874077,-1.00789,0.0477603,0.0382457,0.105819,0.992501
13.7158,-0.892754,-1.00218,0.0489155,0.0405652,0.106021,0.992331
13.6247,-0.914346,-0.994521,0.0498243,0.0435706,0.106316,0.992127
13.5343,-0.932981,-0.989002,0.0501056,0.0458947,0.106647,0.991973
13.4488,-0.94883,-0.982462,0.0506895,0.0485696,0.106561,0.991825
13.362,-0.965237,-0.977179,0.0517273,0.0501664,0.105809,0.991772
13.2743,-0.982666,-0.972085,0.0531577,0.0524817,0.105576,0.991602
13.1859,-1.001,-0.965556,0.0543189,0.0535918,0.10593,0.991442
13.0999,-1.01857,-0.95899,0.05419,0.0547761,0.105904,0.991387
13.0137,-1.03514,-0.952101,0.0529277,0.0558194,0.105497,0.99144
12.9333,-1.05169,-0.943836,0.0516776,0.0567398,0.105589,0.991444
12.8334,-1.0698,-0.937922,0.0494969,0.0551306,0.105534,0.991652
12.7522,-1.08479,-0.931801,0.0471341,0.0544913,0.104932,0.991866
12.6666,-1.10223,-0.921012,0.0446421,0.0553131,0.104448,0.991987
12.5805,-1.11977,-0.911259,0.0423852,0.0556379,0.103634,0.992153
12.493,-1.13382,-0.896051,0.0414197,0.0576739,0.101842,0.992263
12.4042,-1.1502,-0.882827,0.0406268,0.05995,0.100902,0.992257
12.3158,-1.1673,-0.870385,0.0409593,0.0631615,0.100106,0.992125
12.228,-1.1842,-0.855055,0.0405885,0.0673423,0.0996787,0.991908
12.1441,-1.2013,-0.845355,0.0390218,0.0713269,0.0981079,0.991849
12.0559,-1.21795,-0.834729,0.0368296,0.075576,0.0958587,0.991838
11.9688,-1.23395,-0.822365,0.0343791,0.0805022,0.0945181,0.991667
11.881,-1.24893,-0.806846,0.0321352,0.0858171,0.0934196,0.991401
11.7925,-1.26276,-0.794905,0.0279903,0.0905849,0.09122,0.991307
11.7022,-1.27234,-0.781472,0.0243973,0.0959811,0.0886492,0.991128
11.6124,-1.28314,-0.762184,0.0220755,0.0994672,0.0858119,0.991088
11.5187,-1.29585,-0.750455,0.0206772,0.10176,0.0826114,0.991157
11.4237,-1.30678,-0.736004,0.0204031,0.103873,0.0796245,0.991188
11.3276,-1.32412,-0.717339,0.0205243,0.104999,0.0780055,0.991196
11.232,-1.34062,-0.700323,0.0214783,0.106328,0.0771761,0.991099
11.1327,-1.3576,-0.679141,0.0215474,0.106739,0.0763535,0.991117
11.0463,-1.37168,-0.661132,0.0211456,0.107858,0.0753063,0.991084
10.9482,-1.3834,-0.642113,0.0196102,0.107574,0.0728227,0.991332
10.8548,-1.39275,-0.621735,0.0180239,0.106807,0.0697212,0.991669
10.7647,-1.40224,-0.601798,0.0157466,0.105355,0.0662246,0.992102
10.6742,-1.41107,-0.583875,0.0144937,0.104642,0.062799,0.992419
10.5846,-1.42152,-0.565212,0.0131631,0.102397,0.0606104,0.992808
10.4925,-1.43097,-0.550255,0.0126473,0.0993417,0.0582354,0.993267
10.4006,-1.43919,-0.534811,0.0114314,0.0938709,0.055396,0.993976
10.3068,-1.44935,-0.518174,0.0094761,0.0903724,0.0520918,0.9945
10.2215,-1.45453,-0.499089,0.00744534,0.0874653,0.0491536,0.994926
10.1236,-1.46144,-0.482893,0.00451335,0.0847087,0.0458856,0.995338
10.0356,-1.46517,-0.472522,0.00255492,0.0801591,0.0417086,0.995906
9.94067,-1.47177,-0.458515,0.000312745,0.0763565,0.0374642,0.996376
9.85382,-1.47531,-0.44414,-0.001741,0.0726249,0.0334554,0.996797
9.76793,-1.47791,-0.42738,-0.00326641,0.0699043,0.0295818,0.99711
9.68275,-1.47997,-0.413224,-0.00499215,0.067706,0.0258989,0.997357
9.59443,-1.48008,-0.400442,-0.00703497,0.0657218,0.0220012,0.997571
9.51757,-1.47791,-0.387805,-0.0079547,0.0639617,0.017385,0.997769
9.43515,-1.47922,-0.374556,-0.00886111,0.0616645,0.0128699,0.997975
9.35303,-1.48118,-0.363565,-0.0102016,0.0597517,0.00908503,0.99812
9.27596,-1.47986,-0.353023,-0.0112495,0.0579401,0.00480671,0.998245
9.20206,-1.47873,-0.345005,-0.0117344,0.0553646,0.000428015,0.998397
9.13242,-1.47854,-0.338218,-0.0114622,0.052445,-0.00390094,0.99855
9.06492,-1.47754,-0.330847,-0.0113251,0.0506477,-0.00846028,0.998617
9.00022,-1.47493,-0.321828,-0.0110724,0.0480168,-0.0139119,0.998688
8.93496,-1.47355,-0.31494,-0.0107651,0.0449166,-0.0192122,0.998748
8.87161,-1.47217,-0.311297,-0.0105305,0.0414665,-0.0248687,0.998775
8.80984,-1.46682,-0.305,-0.0094718,0.0378715,-0.0312376,0.998749
8.69301,-1.45332,-0.290861,-0.0090323,0.0335779,-0.0438185,0.998434
8.63937,-1.4481,-0.286361,-0.00789978,0.0314165,-0.0497049,0.998238
8.58527,-1.44291,-0.283518,-0.00788075,0.0305339,-0.0556161,0.997954
8.48744,-1.43161,-0.275896,-0.00679754,0.0283294,-0.0669173,0.997333
8.39692,-1.41952,-0.266368,-0.00541092,0.0272579,-0.079997,0.996408
8.31424,-1.40551,-0.258183,-0.0044392,0.0287747,-0.0905978,0.995462
8.23843,-1.39147,-0.252152,-0.00380186,0.0294571,-0.0963495,0.994904
8.16343,-1.37708,-0.247566,-0.00256997,0.0288533,-0.0978789,0.994777
8.08666,-1.36166,-0.241928,-0.00207157,0.0303476,-0.0978744,0.994734
8.02853,-1.35138,-0.235793,-0.00119542,0.0330236,-0.0975399,0.994683
7.96532,-1.34021,-0.223024,0.000251384,0.038292,-0.0963088,0.994615
